city_key,city_ko,developer_country,developer_count,app_count,ios_gross_source_revenue_usd,revenue_usd_2025_cn_ios,revenue_basis,downloads_2025_cn_ios,top_developers,top_games,genres,genre_search_text,lon,lat,is_precise_city
Shenzhen,선전,China,78,251,4449732073.53,6229624902.941999,2025 중국 iOS+AOS 추정 순매출,176490888,"深圳市腾讯天游科技有限公司 / 텐센트 톈유, 深圳市腾讯计算机系统有限公司 / 텐센트 컴퓨터, 深圳市禅游科技股份有限公司 / 젠게임 / 찬유, 杭州群游科技有限公司, Shenzhen Linzi Huyu Technology Co., Ltd., Shenzhen Shangyu Technology Co., Ltd., 深圳市九游网络科技有限公司, 泽阳 李, SHENZHEN MINIWAN TECHNOLOGY CO. LTD., Shenzhen Qian Qian Shu Yun Technology Co., Ltd.","王者荣耀, 和平精英, 金铲铲之战, 三角洲行动, 地下城与勇士：起源, 穿越火线-枪战王者, 英雄联盟手游, 火影忍者, 无畏契约：源能行动, 欢乐斗地主","Strategy, Shooter, Action, Casino, Racing, Sports, Arcade, Lifestyle, RPG, Puzzle","Strategy MOBA 전략 策略 MOBA 多人在线战术竞技 전략 / MOBA · 策略 / 多人在线战术竞技 · Strategy / MOBA, Shooter Battle Royale 슈팅 射击 배틀로얄 大逃杀 슈팅 / 배틀로얄 · 射击 / 大逃杀 · Shooter / Battle Royale, Strategy Auto Chess 전략 策略 오토체스 自走棋 전략 / 오토체스 · 策略 / 自走棋 · Strategy / Auto Chess, Shooter FPS / 3PS 슈팅 射击 FPS/TPS 第一/第三人称射击 슈팅 / FPS/TPS · 射击 / 第一/第三人称射击 · Shooter / FPS / 3PS, Action Beat 'em Up 액션 动作 벨트스크롤 액션 清版动作 액션 / 벨트스크롤 액션 · 动作 / 清版动作 · Action / Beat 'em Up, Casino Landlord 카지노 博彩/棋牌 도우디주/랜드로드 斗地主 카지노 / 도우디주/랜드로드 · 博彩/棋牌 / 斗地主 · Casino / Landlord, Racing Kart Racing 레이싱 竞速 카트 레이싱 卡丁车 레이싱 / 카트 레이싱 · 竞速 / 卡丁车 · Racing / Kart Racing, Sports Realistic Sports 스포츠 体育 리얼 스포츠 拟真体育 스포츠 / 리얼 스포츠 · 体育 / 拟真体育 · Sports / Realistic Sports, Arcade Music / Rhythm 아케이드 街机 음악/리듬 音乐/节奏 아케이드 / 음악/리듬 · 街机 / 音乐/节奏 · Arcade / Music / Rhythm, Casino Mahjong 카지노 博彩/棋牌 마작 麻将 카지노 / 마작 · 博彩/棋牌 / 麻将 · Casino / Mahjong",114.0579,22.5431,True
Shanghai,상하이,China,140,331,1063734215.58,1489227901.812,2025 중국 iOS+AOS 추정 순매출,64379364,"上海青笛科技有限公司 / 상하이 칭디, 上海米哈游影铁科技有限公司 / 미호요 잉티에, 上海幻电信息科技有限公司 / 비리비리 게임즈 / 환뎬, 上海鹰角网络科技有限公司 / 하이퍼그리프 / 잉자오, 上海巨人网络科技有限公司 / 자이언트 네트워크, 心动网络股份有限公司 / 신동 네트워크 / XD, 上海沐瞳科技有限公司 / 문톤 / 무퉁, 江苏凤凰电子音像出版社有限公司, 上海乐钻科技有限公司 / 상하이 러쭌, 上海世熠网络科技有限公司 / 상하이 스이","无尽冬日, 原神·空月之歌, 崩坏：星穹铁道, 三国：谋定天下, 明日方舟, 超自然行动组, 绝区零, 心动小镇, 潮汐守望者, 球球大作战","Strategy, RPG, Action, Simulation, Arcade, Casino, Lifestyle, Shooter, Puzzle, Tabletop","Strategy 4X Strategy 전략 策略 4X 전략 4X策略 전략 / 4X 전략 · 策略 / 4X策略 · Strategy / 4X Strategy, RPG Open World Adventure RPG/역할수행 角色扮演 오픈월드 어드벤처 开放世界冒险 RPG/역할수행 / 오픈월드 어드벤처 · 角色扮演 / 开放世界冒险 · RPG / Open World Adventure, RPG Turn-based RPG RPG/역할수행 角色扮演 턴제 RPG 回合制RPG RPG/역할수행 / 턴제 RPG · 角色扮演 / 回合制RPG · RPG / Turn-based RPG, Strategy Tower Defense 전략 策略 타워디펜스 塔防 전략 / 타워디펜스 · 策略 / 塔防 · Strategy / Tower Defense, RPG Survival RPG/역할수행 角色扮演 서바이벌 生存 RPG/역할수행 / 서바이벌 · 角色扮演 / 生存 · RPG / Survival, Action Hack and Slash 액션 动作 핵앤슬래시 砍杀 액션 / 핵앤슬래시 · 动作 / 砍杀 · Action / Hack and Slash, Simulation Avatar Life 시뮬레이션 模拟经营 아바타 라이프 虚拟形象生活 시뮬레이션 / 아바타 라이프 · 模拟经营 / 虚拟形象生活 · Simulation / Avatar Life, Arcade .io 아케이드 街机 IO 캐주얼 IO游戏 아케이드 / IO 캐주얼 · 街机 / IO游戏 · Arcade / .io, RPG MMORPG RPG/역할수행 角色扮演 MMORPG 大型多人在线RPG RPG/역할수행 / MMORPG · 角色扮演 / 大型多人在线RPG · RPG / MMORPG, Casino Fish Shooting 카지노 博彩/棋牌 피쉬 슈팅 捕鱼 카지노 / 피쉬 슈팅 · 博彩/棋牌 / 捕鱼 · Casino / Fish Shooting",121.4737,31.2304,True
Hangzhou,항저우,China,42,158,1011728173.92,1416419443.488,2025 중국 iOS+AOS 추정 순매출,70024138,"杭州网易雷火科技有限公司 / 넷이즈 레이훠, 杭州游卡网络技术有限公司 / 요카게임즈 / 유카, 杭州炎魂网络科技有限公司, Hangzhou Qisheng Networking Technology Co.,Ltd., Hangzhou Lanjing Network Technology Co., Ltd., Hangzhou Xuanming Network Technology Co.,Ltd., Hangzhou Mention Network Technology Co., Ltd., Hangzhou Electronic Soul Network Technology Co., Ltd., Hangzhou Feibixunchang Technology Co., Ltd., 杭州开启网络科技有限公司","梦幻西游, 蛋仔派对, 第五人格, 燕云十六声, 逆水寒, 三国杀, 光·遇, 率土之滨, 实况足球, 永劫无间","RPG, Arcade, Action, Strategy, Sports, Shooter, Lifestyle, Racing, Casino, Puzzle","RPG MMORPG RPG/역할수행 角色扮演 MMORPG 大型多人在线RPG RPG/역할수행 / MMORPG · 角色扮演 / 大型多人在线RPG · RPG / MMORPG, Arcade Party Royale 아케이드 街机 파티 로얄 派对竞技 아케이드 / 파티 로얄 · 街机 / 派对竞技 · Arcade / Party Royale, Action Asymmetric Battle 액션 动作 비대칭 대전 非对称竞技 액션 / 비대칭 대전 · 动作 / 非对称竞技 · Action / Asymmetric Battle, RPG Open World Adventure RPG/역할수행 角色扮演 오픈월드 어드벤처 开放世界冒险 RPG/역할수행 / 오픈월드 어드벤처 · 角色扮演 / 开放世界冒险 · RPG / Open World Adventure, Strategy Card Battler 전략 策略 카드 배틀 卡牌对战 전략 / 카드 배틀 · 策略 / 卡牌对战 · Strategy / Card Battler, Strategy 4X Strategy 전략 策略 4X 전략 4X策略 전략 / 4X 전략 · 策略 / 4X策略 · Strategy / 4X Strategy, Sports Realistic Sports 스포츠 体育 리얼 스포츠 拟真体育 스포츠 / 리얼 스포츠 · 体育 / 拟真体育 · Sports / Realistic Sports, Shooter Battle Royale 슈팅 射击 배틀로얄 大逃杀 슈팅 / 배틀로얄 · 射击 / 大逃杀 · Shooter / Battle Royale, RPG Squad RPG RPG/역할수행 角色扮演 스쿼드 RPG 小队RPG RPG/역할수행 / 스쿼드 RPG · 角色扮演 / 小队RPG · RPG / Squad RPG, Lifestyle Interactive Story 라이프스타일 生活方式 인터랙티브 스토리 互动剧情 라이프스타일 / 인터랙티브 스토리 · 生活方式 / 互动剧情 · Lifestyle / Interactive Story",120.1551,30.2741,True
Unknown,미상,China,256,612,768848321.9399999,1076387650.7159998,2025 중국 iOS+AOS 추정 순매출,68635383,"上海叠纸互娱网络科技有限公司 / 디에즈 / 페이퍼게임즈, 在线途游（北京）科技有限公司 / 투요우, 广州灵犀互动娱乐有限公司 / 링시게임즈, 香港酷加软件有限公司 / 쿨플러스, 深蓝互动 / 블루포치 / 선란후둥, 芜湖享游网络技术有限公司 / 우후 샹유, 望尘科技 / 갈라스포츠 / 왕천, Microfun Cookie Limited, MicroFun Co., Ltd., iDreamSky Technology Limited","恋与深空, 捕鱼大作战-街机打鱼游戏王者, 三国志·战略版, 途游斗地主（比赛版）, 途游休闲捕鱼-百万倍街机王者大作战, 鱼乐达人-王者捕鱼电玩街机打鱼游戏, 无限暖暖, 重返未来：1999, 命运-冠位指定（Fate/Grand Order）, 如鸢","Lifestyle, Casino, Strategy, RPG, Action, Sports, Puzzle, Shooter, Arcade, Simulation","Lifestyle Interactive Story 라이프스타일 生活方式 인터랙티브 스토리 互动剧情 라이프스타일 / 인터랙티브 스토리 · 生活方式 / 互动剧情 · Lifestyle / Interactive Story, Casino Fish Shooting 카지노 博彩/棋牌 피쉬 슈팅 捕鱼 카지노 / 피쉬 슈팅 · 博彩/棋牌 / 捕鱼 · Casino / Fish Shooting, Strategy 4X Strategy 전략 策略 4X 전략 4X策略 전략 / 4X 전략 · 策略 / 4X策略 · Strategy / 4X Strategy, Casino Landlord 카지노 博彩/棋牌 도우디주/랜드로드 斗地主 카지노 / 도우디주/랜드로드 · 博彩/棋牌 / 斗地主 · Casino / Landlord, RPG Open World Adventure RPG/역할수행 角色扮演 오픈월드 어드벤처 开放世界冒险 RPG/역할수행 / 오픈월드 어드벤처 · 角色扮演 / 开放世界冒险 · RPG / Open World Adventure, RPG Turn-based RPG RPG/역할수행 角色扮演 턴제 RPG 回合制RPG RPG/역할수행 / 턴제 RPG · 角色扮演 / 回合制RPG · RPG / Turn-based RPG, Strategy Empire Simulation 전략 策略 제국 시뮬레이션 帝国模拟 전략 / 제국 시뮬레이션 · 策略 / 帝国模拟 · Strategy / Empire Simulation, Lifestyle Customization 라이프스타일 生活方式 커스터마이징 换装/定制 라이프스타일 / 커스터마이징 · 生活方式 / 换装/定制 · Lifestyle / Customization, Action Shoot 'em Up 액션 动作 탄막 슈팅 飞行射击 액션 / 탄막 슈팅 · 动作 / 飞行射击 · Action / Shoot 'em Up, Sports Realistic Sports 스포츠 体育 리얼 스포츠 拟真体育 스포츠 / 리얼 스포츠 · 体育 / 拟真体育 · Sports / Realistic Sports",103.8343,36.0611,False
Beijing,베이징,China,77,154,375578169.89,525809437.84599996,2025 중국 iOS+AOS 추정 순매출,45492406,"乐元素科技（北京）股份有限公司 / 해피엘리먼츠 / 러위안쑤, 竞技世界（北京）网络技术有限公司 / JJ월드 / 징지스제, 优酷盛世科技（北京）有限公司 / 요우쿠 성스, 北京朋趣科技有限公司 / 베이징 펑취, 北京唯我乐园信息技术有限公司 / 베이징 웨이워러위안, Beijing Rivergame Technology Co., Ltd., 北京朝夕光年信息技术有限公司 / 누버스 / 자오시광녠, Beijing Kai Luo Tian Xia Technology Co., Ltd., 北京儒意景秀网络科技有限公司 / 루이징슈, Beijing Guanyou Gamespace Digital Technology Co., Ltd.","开心消消乐®, JJ斗地主-欢乐棋牌休闲合集, 捕鱼大咖-畅爽3D街机捕鱼游戏, 多乐够级, 梦幻花园 - Gardenscapes, Top War: Battle Game, 梦幻家园 - Homescapes, 梦想城镇 - Township, 航海王热血航线-正版授权, 晶核","Puzzle, Casino, Tabletop, Strategy, Simulation, RPG, Arcade, Action, Shooter, Sports","Puzzle Match Swap 퍼즐 益智 스왑 매치3 交换消除 퍼즐 / 스왑 매치3 · 益智 / 交换消除 · Puzzle / Match Swap, Casino Landlord 카지노 博彩/棋牌 도우디주/랜드로드 斗地主 카지노 / 도우디주/랜드로드 · 博彩/棋牌 / 斗地主 · Casino / Landlord, Casino Fish Shooting 카지노 博彩/棋牌 피쉬 슈팅 捕鱼 카지노 / 피쉬 슈팅 · 博彩/棋牌 / 捕鱼 · Casino / Fish Shooting, Tabletop Tabletop Cards 보드/테이블탑 桌游 테이블탑 카드 桌面卡牌 보드/테이블탑 / 테이블탑 카드 · 桌游 / 桌面卡牌 · Tabletop / Tabletop Cards, Strategy 4X Strategy 전략 策略 4X 전략 4X策略 전략 / 4X 전략 · 策略 / 4X策略 · Strategy / 4X Strategy, Simulation Tycoon / Crafting 시뮬레이션 模拟经营 타이쿤/제작 大亨/制作 시뮬레이션 / 타이쿤/제작 · 模拟经营 / 大亨/制作 · Simulation / Tycoon / Crafting, RPG Action RPG RPG/역할수행 角色扮演 액션 RPG 动作RPG RPG/역할수행 / 액션 RPG · 角色扮演 / 动作RPG · RPG / Action RPG, Arcade Music / Rhythm 아케이드 街机 음악/리듬 音乐/节奏 아케이드 / 음악/리듬 · 街机 / 音乐/节奏 · Arcade / Music / Rhythm, Strategy Tower Defense 전략 策略 타워디펜스 塔防 전략 / 타워디펜스 · 策略 / 塔防 · Strategy / Tower Defense, Action Hack and Slash 액션 动作 핵앤슬래시 砍杀 액션 / 핵앤슬래시 · 动作 / 砍杀 · Action / Hack and Slash",116.4074,39.9042,True
Hainan,하이난,China,38,62,136558034.36,191181248.104,2025 중국 iOS+AOS 추정 순매출,7681608,"海南盛昌网络科技有限公司 / 하이난 성창, Hainan Palm Entertainment Technology Co.,Ltd., Hainan Shengzhe Network Technology Co., Ltd., Hainan Seasun Entertainment Co., Ltd, 湖北省扬子江影音有限责任公司, Hainan Golden Chess Entertainment Technology Co., Ltd., HasuHasu Co.,Ltd., Hainan Shangxuan Network Technology Co., Ltd., 深圳中青宝互动网络股份有限公司, Hainan Wanyou Network Technology Co.,Ltd.","向僵尸开炮-尸潮来袭, 海王捕鱼-官方版, 超能世界, 尘白禁区, 迷你枪战精英, 魔域手游-官方正版授权, 剑侠世界：起源, 剑侠世界3, MuseDash, 叫我大掌柜","Strategy, Casino, RPG, Shooter, Arcade, Simulation, Action, Tabletop, Puzzle","Strategy Tower Defense 전략 策略 타워디펜스 塔防 전략 / 타워디펜스 · 策略 / 塔防 · Strategy / Tower Defense, Casino Fish Shooting 카지노 博彩/棋牌 피쉬 슈팅 捕鱼 카지노 / 피쉬 슈팅 · 博彩/棋牌 / 捕鱼 · Casino / Fish Shooting, RPG Idle RPG RPG/역할수행 角色扮演 방치형 RPG 放置RPG RPG/역할수행 / 방치형 RPG · 角色扮演 / 放置RPG · RPG / Idle RPG, Shooter FPS / 3PS 슈팅 射击 FPS/TPS 第一/第三人称射击 슈팅 / FPS/TPS · 射击 / 第一/第三人称射击 · Shooter / FPS / 3PS, RPG MMORPG RPG/역할수행 角色扮演 MMORPG 大型多人在线RPG RPG/역할수행 / MMORPG · 角色扮演 / 大型多人在线RPG · RPG / MMORPG, Arcade Music / Rhythm 아케이드 街机 음악/리듬 音乐/节奏 아케이드 / 음악/리듬 · 街机 / 音乐/节奏 · Arcade / Music / Rhythm, Simulation Tycoon / Crafting 시뮬레이션 模拟经营 타이쿤/제작 大亨/制作 시뮬레이션 / 타이쿤/제작 · 模拟经营 / 大亨/制作 · Simulation / Tycoon / Crafting, Action Shoot 'em Up 액션 动作 탄막 슈팅 飞行射击 액션 / 탄막 슈팅 · 动作 / 飞行射击 · Action / Shoot 'em Up, Tabletop Board 보드/테이블탑 桌游 보드게임 棋盘游戏 보드/테이블탑 / 보드게임 · 桌游 / 棋盘游戏 · Tabletop / Board, Strategy 4X Strategy 전략 策略 4X 전략 4X策略 전략 / 4X 전략 · 策略 / 4X策略 · Strategy / 4X Strategy",110.3312,20.031,False
Guangzhou,광저우,China,47,80,128885355.45,180439497.63,2025 중국 iOS+AOS 추정 순매출,7711257,"广州多益网络股份有限公司 / 두오이 네트워크, 广州库洛科技有限公司 / 쿠로게임즈, Guangzhou Mengqu Information Technology Co., Ltd., Guangzhou NetEase Computer System Co.Ltd, Guangzhou Qiji Information Technology Co., Ltd., Guangzhou Zhongxu Shuke Information Technology Co., Ltd, Guangzhou Tianzong Information Technology Co., Ltd, Guangzhou Tianti Network Technology Co., Ltd., 广州四三九九信息科技有限公司, Guangzhou Aiyou Network technology Co.,ltd","幻唐志：逍遥外传, 鸣潮, 长安幻想, 云•鸣潮, 战双帕弥什, 永夜降临：复苏, 梦幻西游网页版, 雷霆小分队-俯视角吃鸡, 野兽领主：新世界, 斗罗大陆：史莱克学院","RPG, Action, Shooter, Strategy, Simulation, Casino, Lifestyle, Arcade, Sports, Puzzle","RPG MMORPG RPG/역할수행 角色扮演 MMORPG 大型多人在线RPG RPG/역할수행 / MMORPG · 角色扮演 / 大型多人在线RPG · RPG / MMORPG, RPG Open World Adventure RPG/역할수행 角色扮演 오픈월드 어드벤처 开放世界冒险 RPG/역할수행 / 오픈월드 어드벤처 · 角色扮演 / 开放世界冒险 · RPG / Open World Adventure, Action Hack and Slash 액션 动作 핵앤슬래시 砍杀 액션 / 핵앤슬래시 · 动作 / 砍杀 · Action / Hack and Slash, RPG Squad RPG RPG/역할수행 角色扮演 스쿼드 RPG 小队RPG RPG/역할수행 / 스쿼드 RPG · 角色扮演 / 小队RPG · RPG / Squad RPG, Shooter Battle Royale 슈팅 射击 배틀로얄 大逃杀 슈팅 / 배틀로얄 · 射击 / 大逃杀 · Shooter / Battle Royale, Strategy 4X Strategy 전략 策略 4X 전략 4X策略 전략 / 4X 전략 · 策略 / 4X策略 · Strategy / 4X Strategy, RPG Idle RPG RPG/역할수행 角色扮演 방치형 RPG 放置RPG RPG/역할수행 / 방치형 RPG · 角色扮演 / 放置RPG · RPG / Idle RPG, Strategy Tower Defense 전략 策略 타워디펜스 塔防 전략 / 타워디펜스 · 策略 / 塔防 · Strategy / Tower Defense, Simulation Avatar Life 시뮬레이션 模拟经营 아바타 라이프 虚拟形象生活 시뮬레이션 / 아바타 라이프 · 模拟经营 / 虚拟形象生活 · Simulation / Avatar Life, Action Beat 'em Up 액션 动作 벨트스크롤 액션 清版动作 액션 / 벨트스크롤 액션 · 动作 / 清版动作 · Action / Beat 'em Up",113.2644,23.1291,True
Anhui,안후이,China,8,44,126390137.23,176946192.12199998,2025 중국 iOS+AOS 추정 순매출,9840960,"安徽盈趣网络科技有限公司 / 안후이 잉취, 安徽雷虎网络科技有限公司 / 안후이 레이후, 安徽三七网络科技有限公司 / 37게임즈 안후이, Hefei Letangdongman Information Technology Co., Ltd, Anhui Leihu Network Technology Co., Ltd., 安徽新华电子音像出版社, Anhui 37 Network Technology Co., Ltd., 合肥乐堂动漫信息技术有限公司","英雄没有闪, 时光大爆炸, 时光杂货店-送终生权益卡, 寻道大千-小妖砍树能修仙, 斗罗大陆:魂师对决, 斗罗大陆：猎魂世界, 凡人修仙传：人界篇, 离火之境, 奥特曼传奇英雄2, 帝国与魔法","RPG, Simulation, Action, Strategy, Lifestyle, Arcade, Puzzle","RPG Idle RPG RPG/역할수행 角色扮演 방치형 RPG 放置RPG RPG/역할수행 / 방치형 RPG · 角色扮演 / 放置RPG · RPG / Idle RPG, Simulation Tycoon / Crafting 시뮬레이션 模拟经营 타이쿤/제작 大亨/制作 시뮬레이션 / 타이쿤/제작 · 模拟经营 / 大亨/制作 · Simulation / Tycoon / Crafting, RPG MMORPG RPG/역할수행 角色扮演 MMORPG 大型多人在线RPG RPG/역할수행 / MMORPG · 角色扮演 / 大型多人在线RPG · RPG / MMORPG, Action Beat 'em Up 액션 动作 벨트스크롤 액션 清版动作 액션 / 벨트스크롤 액션 · 动作 / 清版动作 · Action / Beat 'em Up, Strategy 4X Strategy 전략 策略 4X 전략 4X策略 전략 / 4X 전략 · 策略 / 4X策略 · Strategy / 4X Strategy, RPG Squad RPG RPG/역할수행 角色扮演 스쿼드 RPG 小队RPG RPG/역할수행 / 스쿼드 RPG · 角色扮演 / 小队RPG · RPG / Squad RPG, RPG Action RPG RPG/역할수행 角色扮演 액션 RPG 动作RPG RPG/역할수행 / 액션 RPG · 角色扮演 / 动作RPG · RPG / Action RPG, Lifestyle Interactive Story 라이프스타일 生活方式 인터랙티브 스토리 互动剧情 라이프스타일 / 인터랙티브 스토리 · 生活方式 / 互动剧情 · Lifestyle / Interactive Story, Action Shoot 'em Up 액션 动作 탄막 슈팅 飞行射击 액션 / 탄막 슈팅 · 动作 / 飞行射击 · Action / Shoot 'em Up, Arcade Platformer / Runner 아케이드 街机 플랫포머/러너 平台跑酷 아케이드 / 플랫포머/러너 · 街机 / 平台跑酷 · Arcade / Platformer / Runner",117.2849,31.8612,False
Xiamen,샤먼,China,24,78,79707103.13,111589944.382,2025 중국 iOS+AOS 추정 순매출,6770304,"厦门雷霆互动网络有限公司 / 레이팅 인터랙티브, 厦门雷霆网络科技股份有限公司 / 레이팅 네트워크, 4399 Network Inc., Xiamen Zhuyue Network Technology Co., Ltd., xiamen soul Technology Ltd., Xiamen Woobest Interactive Network Technology Co.,Ltd, Xiamen Youle Interactive Technology Co.,ltd, Xiamen Game House Technology Co.,ltd, Xiamen YongShi Technology Co.,Ltd., Xiamen Dianchu Information Technology Co.,Ltd.","杖剑传说, 问道-10周年庆, 一念逍遥·萌兽服, 奥比岛：梦想国度, 造梦西游OL（全新角色龙女上线）, 地下城堡4：骑士与破碎编年史, 掌酷十三张-天天开心, 封神幻想世界, 命运圣契, 西普大陆","RPG, Simulation, Casino, Strategy, Action, Puzzle, Tabletop, Lifestyle, Arcade","RPG Idle RPG RPG/역할수행 角色扮演 방치형 RPG 放置RPG RPG/역할수행 / 방치형 RPG · 角色扮演 / 放置RPG · RPG / Idle RPG, RPG MMORPG RPG/역할수행 角色扮演 MMORPG 大型多人在线RPG RPG/역할수행 / MMORPG · 角色扮演 / 大型多人在线RPG · RPG / MMORPG, Simulation Avatar Life 시뮬레이션 模拟经营 아바타 라이프 虚拟形象生活 시뮬레이션 / 아바타 라이프 · 模拟经营 / 虚拟形象生活 · Simulation / Avatar Life, RPG Squad RPG RPG/역할수행 角色扮演 스쿼드 RPG 小队RPG RPG/역할수행 / 스쿼드 RPG · 角色扮演 / 小队RPG · RPG / Squad RPG, Casino Poker 카지노 博彩/棋牌 포커 扑克 카지노 / 포커 · 博彩/棋牌 / 扑克 · Casino / Poker, RPG Turn-based RPG RPG/역할수행 角色扮演 턴제 RPG 回合制RPG RPG/역할수행 / 턴제 RPG · 角色扮演 / 回合制RPG · RPG / Turn-based RPG, Strategy 4X Strategy 전략 策略 4X 전략 4X策略 전략 / 4X 전략 · 策略 / 4X策略 · Strategy / 4X Strategy, RPG Action RPG RPG/역할수행 角色扮演 액션 RPG 动作RPG RPG/역할수행 / 액션 RPG · 角色扮演 / 动作RPG · RPG / Action RPG, Strategy Empire Simulation 전략 策略 제국 시뮬레이션 帝国模拟 전략 / 제국 시뮬레이션 · 策略 / 帝国模拟 · Strategy / Empire Simulation, Action Beat 'em Up 액션 动作 벨트스크롤 액션 清版动作 액션 / 벨트스크롤 액션 · 动作 / 清版动作 · Action / Beat 'em Up",118.0894,24.4798,True
Zhejiang,저장,China,8,23,37113230.01,51958522.014,2025 중국 iOS+AOS 추정 순매출,3880407,"浙江盛趣科技有限公司 / 성취게임즈, Zhejiang UmarkNetwork Technology Co.,Ltd, 浙江趣游网络科技股份有限公司, Zhejiang Changtang Network Co., Ltd., Zhejiang Wooduan Technology Co., Ltd., 四三九九网络股份有限公司, HUZHOU JIAODU NETWORK TECHNOLOGY CO.,LTD, Zhejiang Xingfei Information Technology Ltd.","龙之谷世界-官方正版手游, 武林外传：十年之约, 奇迹世界：起源, 越乡游双扣, 云海之下, 超级地城之光, 飞飞：重逢, 血族, 掼蛋·同城游--2017和好友一起组队惯蛋吧, 辐射：避难所Online","RPG, Casino, Simulation, Shooter, Arcade, Lifestyle","RPG MMORPG RPG/역할수행 角色扮演 MMORPG 大型多人在线RPG RPG/역할수행 / MMORPG · 角色扮演 / 大型多人在线RPG · RPG / MMORPG, Casino Mahjong 카지노 博彩/棋牌 마작 麻将 카지노 / 마작 · 博彩/棋牌 / 麻将 · Casino / Mahjong, RPG Action RPG RPG/역할수행 角色扮演 액션 RPG 动作RPG RPG/역할수행 / 액션 RPG · 角色扮演 / 动作RPG · RPG / Action RPG, RPG Squad RPG RPG/역할수행 角色扮演 스쿼드 RPG 小队RPG RPG/역할수행 / 스쿼드 RPG · 角色扮演 / 小队RPG · RPG / Squad RPG, Casino Casino Cards 카지노 博彩/棋牌 카지노 카드 博彩卡牌 카지노 / 카지노 카드 · 博彩/棋牌 / 博彩卡牌 · Casino / Casino Cards, Simulation Tycoon / Crafting 시뮬레이션 模拟经营 타이쿤/제작 大亨/制作 시뮬레이션 / 타이쿤/제작 · 模拟经营 / 大亨/制作 · Simulation / Tycoon / Crafting, Shooter FPS / 3PS 슈팅 射击 FPS/TPS 第一/第三人称射击 슈팅 / FPS/TPS · 射击 / 第一/第三人称射击 · Shooter / FPS / 3PS, Arcade Music / Rhythm 아케이드 街机 음악/리듬 音乐/节奏 아케이드 / 음악/리듬 · 街机 / 音乐/节奏 · Arcade / Music / Rhythm, Casino Landlord 카지노 博彩/棋牌 도우디주/랜드로드 斗地主 카지노 / 도우디주/랜드로드 · 博彩/棋牌 / 斗地主 · Casino / Landlord, Lifestyle Interactive Story 라이프스타일 生活方式 인터랙티브 스토리 互动剧情 라이프스타일 / 인터랙티브 스토리 · 生活方式 / 互动剧情 · Lifestyle / Interactive Story",120.1528,30.2674,False
Chengdu,청두,China,37,71,27193290.950000003,38070607.33,2025 중국 iOS+AOS 추정 순매출,7034473,"Tencent Technology (Chengdu) Co., Ltd., Chengdu Tianzhiyou Technology Co., Ltd, Chengdu Lanfei Huyu Technology Co., Ltd., Chengdu Kingsoft Shiyou Zhuoli Technology Co., Ltd., 杭州群游科技有限公司, TAP4FUN (HONGKONG) LIMITED, 炫彩互动网络科技有限公司, YiYo Studios Co., Ltd, 华东师范大学电子音像出版社有限公司, Chengdu Linxin Technology Co.,LTD","桃源深处有人家, 梦幻新诛仙.魔天音, 四季合合, 不朽箴言—送强力新卡, 篮下王者, 胜利之吻, Real Pool 3D: Online Pool Game, Brutal Age: Horde Invasion, 全民泡泡超人, Breakfast Story: cooking game","Simulation, RPG, Puzzle, Sports, Strategy, Arcade, Action, Casino, Racing, Lifestyle","Simulation Tycoon / Crafting 시뮬레이션 模拟经营 타이쿤/제작 大亨/制作 시뮬레이션 / 타이쿤/제작 · 模拟经营 / 大亨/制作 · Simulation / Tycoon / Crafting, RPG MMORPG RPG/역할수행 角色扮演 MMORPG 大型多人在线RPG RPG/역할수행 / MMORPG · 角色扮演 / 大型多人在线RPG · RPG / MMORPG, Puzzle Match Merge 2 퍼즐 益智 2매치 머지 二合一合成 퍼즐 / 2매치 머지 · 益智 / 二合一合成 · Puzzle / Match Merge 2, RPG Squad RPG RPG/역할수행 角色扮演 스쿼드 RPG 小队RPG RPG/역할수행 / 스쿼드 RPG · 角色扮演 / 小队RPG · RPG / Squad RPG, Sports Arcade Sports 스포츠 体育 아케이드 스포츠 街机体育 스포츠 / 아케이드 스포츠 · 体育 / 街机体育 · Sports / Arcade Sports, Strategy 4X Strategy 전략 策略 4X 전략 4X策略 전략 / 4X 전략 · 策略 / 4X策略 · Strategy / 4X Strategy, Sports Realistic Sports 스포츠 体育 리얼 스포츠 拟真体育 스포츠 / 리얼 스포츠 · 体育 / 拟真体育 · Sports / Realistic Sports, Arcade Party Royale 아케이드 街机 파티 로얄 派对竞技 아케이드 / 파티 로얄 · 街机 / 派对竞技 · Arcade / Party Royale, Simulation Time Management 시뮬레이션 模拟经营 타임 매니지먼트 时间管理 시뮬레이션 / 타임 매니지먼트 · 模拟经营 / 时间管理 · Simulation / Time Management, Arcade Music / Rhythm 아케이드 街机 음악/리듬 音乐/节奏 아케이드 / 음악/리듬 · 街机 / 音乐/节奏 · Arcade / Music / Rhythm",104.0665,30.5728,True
Wuhan,우한,China,22,51,20318642.7,28446099.779999997,2025 중국 iOS+AOS 추정 순매출,16225627,"Wuhan Tongle Network Technology Co., Ltd., Wuhan Weipai Network Technology Co., Ltd., Wuhan Red Orange Yellow Green Technology Co., Ltd., Wuhan Dobest Information Technology Co,  Ltd., Finger Interactive Information Technology Co., Ltd, Wuhan Daheng Internet Information Technology Service Co.,Ltd, Wuhan Shengtian Game Network Technology Co., Ltd., Wuhan playmates network technology Co., Ltd., Wuhan Zhiyou Interactive Technology Co., Ltd., Wuhan Xinchi Shenwang Technology Co., Ltd.","擎天战机, 贪吃蛇大作战®, 梦幻捕鱼-官方正版, 武汉麻将--经典约战口口番, 中国象棋 - 天天玩联网中国象棋小游戏, Sudoku Joy: Number Master Game, Sudoku - Number puzzle games, Gobang-hd,online, Final Tank, 飞行棋—多人飞行棋对战游戏","Action, Arcade, Casino, Tabletop, Puzzle, Strategy, RPG, Sports, Simulation","Action Shoot 'em Up 액션 动作 탄막 슈팅 飞行射击 액션 / 탄막 슈팅 · 动作 / 飞行射击 · Action / Shoot 'em Up, Arcade .io 아케이드 街机 IO 캐주얼 IO游戏 아케이드 / IO 캐주얼 · 街机 / IO游戏 · Arcade / .io, Casino Fish Shooting 카지노 博彩/棋牌 피쉬 슈팅 捕鱼 카지노 / 피쉬 슈팅 · 博彩/棋牌 / 捕鱼 · Casino / Fish Shooting, Casino Mahjong 카지노 博彩/棋牌 마작 麻将 카지노 / 마작 · 博彩/棋牌 / 麻将 · Casino / Mahjong, Tabletop Board 보드/테이블탑 桌游 보드게임 棋盘游戏 보드/테이블탑 / 보드게임 · 桌游 / 棋盘游戏 · Tabletop / Board, Puzzle Numbers 퍼즐 益智 숫자 퍼즐 数字益智 퍼즐 / 숫자 퍼즐 · 益智 / 数字益智 · Puzzle / Numbers, Strategy 4X Strategy 전략 策略 4X 전략 4X策略 전략 / 4X 전략 · 策略 / 4X策略 · Strategy / 4X Strategy, Puzzle Bubble Shooter 퍼즐 益智 버블 슈터 泡泡龙 퍼즐 / 버블 슈터 · 益智 / 泡泡龙 · Puzzle / Bubble Shooter, Action Brawl 액션 动作 난투 乱斗 액션 / 난투 · 动作 / 乱斗 · Action / Brawl, RPG Squad RPG RPG/역할수행 角色扮演 스쿼드 RPG 小队RPG RPG/역할수행 / 스쿼드 RPG · 角色扮演 / 小队RPG · RPG / Squad RPG",114.3055,30.5928,True
Tianjin,톈진,China,6,12,19422972.94,27192162.116,2025 중국 iOS+AOS 추정 순매출,670537,"天津祖龙科技有限公司 / 아키소어 / 주룽, Tianjin Baoyueda Technology Development Co., Ltd., Kidbear(Tianjin) Network Technology Co., Ltd., 成都西山居世游科技有限公司, Tianjin Ledo Interactive Technology Co., Ltd., 北京百度多酷科技有限公司, 方圆电子音像出版社有限责任公司, 江苏凤凰电子音像出版社有限公司","以闪亮之名, 天空纪元, 泡泡龙美人鱼传说, 国战三国志：三国武将人生模拟,长期玩的挂机神器, 战舰联盟-新版本上线, 锦绣江湖-送1000抽-经典武林卡牌回合手游, 暗黑黎明-激战, 如果的世界-甜蜜之约, 开心大厨, 航海日记2","Lifestyle, RPG, Puzzle, Shooter, Simulation, Strategy, Action","Lifestyle Customization 라이프스타일 生活方式 커스터마이징 换装/定制 라이프스타일 / 커스터마이징 · 生活方式 / 换装/定制 · Lifestyle / Customization, RPG MMORPG RPG/역할수행 角色扮演 MMORPG 大型多人在线RPG RPG/역할수행 / MMORPG · 角色扮演 / 大型多人在线RPG · RPG / MMORPG, Puzzle Bubble Shooter 퍼즐 益智 버블 슈터 泡泡龙 퍼즐 / 버블 슈터 · 益智 / 泡泡龙 · Puzzle / Bubble Shooter, RPG Idle RPG RPG/역할수행 角色扮演 방치형 RPG 放置RPG RPG/역할수행 / 방치형 RPG · 角色扮演 / 放置RPG · RPG / Idle RPG, Shooter FPS / 3PS 슈팅 射击 FPS/TPS 第一/第三人称射击 슈팅 / FPS/TPS · 射击 / 第一/第三人称射击 · Shooter / FPS / 3PS, Simulation Time Management 시뮬레이션 模拟经营 타임 매니지먼트 时间管理 시뮬레이션 / 타임 매니지먼트 · 模拟经营 / 时间管理 · Simulation / Time Management, Strategy Empire Simulation 전략 策略 제국 시뮬레이션 帝国模拟 전략 / 제국 시뮬레이션 · 策略 / 帝国模拟 · Strategy / Empire Simulation, RPG Turn-based RPG RPG/역할수행 角色扮演 턴제 RPG 回合制RPG RPG/역할수행 / 턴제 RPG · 角色扮演 / 回合制RPG · RPG / Turn-based RPG, Action Shoot 'em Up 액션 动作 탄막 슈팅 飞行射击 액션 / 탄막 슈팅 · 动作 / 飞行射击 · Action / Shoot 'em Up",117.2,39.1333,True
Guangdong,광둥,China,7,26,8173569.55,11442997.37,2025 중국 iOS+AOS 추정 순매출,2155631,"Guangdong Liwei Network Technology Co.,Ltd, Guangdong Xinghui Teamtop Interactive Entertainment Co., Ltd., 深圳中青宝互动网络股份有限公司, Shenzhen Han-Squirrel Network Technology Co., Ltd., 天津电子出版社有限公司, 广州虎牙信息科技有限公司, 重庆华龙网集团股份有限公司, 湖南电子音像出版社有限责任公司, 安徽新华电子音像出版社, 四川数字出版传媒有限公司","王于兴师, 三国群英传：策定九州, 盗墓笔记, Soul Knight Prequel, 对决！剑之川, 梦想世界：长风问剑录, Otherworld Legends, 奶块-花朝节, 冒险岛：联盟的意志, Inkvasion","Strategy, RPG, Action, Simulation","Strategy 4X Strategy 전략 策略 4X 전략 4X策略 전략 / 4X 전략 · 策略 / 4X策略 · Strategy / 4X Strategy, RPG Idle RPG RPG/역할수행 角色扮演 방치형 RPG 放置RPG RPG/역할수행 / 방치형 RPG · 角色扮演 / 放置RPG · RPG / Idle RPG, RPG Action RPG RPG/역할수행 角色扮演 액션 RPG 动作RPG RPG/역할수행 / 액션 RPG · 角色扮演 / 动作RPG · RPG / Action RPG, RPG Squad RPG RPG/역할수행 角色扮演 스쿼드 RPG 小队RPG RPG/역할수행 / 스쿼드 RPG · 角色扮演 / 小队RPG · RPG / Squad RPG, RPG MMORPG RPG/역할수행 角色扮演 MMORPG 大型多人在线RPG RPG/역할수행 / MMORPG · 角色扮演 / 大型多人在线RPG · RPG / MMORPG, Action Hack and Slash 액션 动作 핵앤슬래시 砍杀 액션 / 핵앤슬래시 · 动作 / 砍杀 · Action / Hack and Slash, Simulation Sandbox 시뮬레이션 模拟经营 샌드박스 沙盒 시뮬레이션 / 샌드박스 · 模拟经营 / 沙盒 · Simulation / Sandbox, Strategy Real-Time Strategy 전략 策略 실시간 전략 即时战略 전략 / 실시간 전략 · 策略 / 即时战略 · Strategy / Real-Time Strategy, Simulation Simulator 시뮬레이션 模拟经营 시뮬레이터 模拟器 시뮬레이션 / 시뮬레이터 · 模拟经营 / 模拟器 · Simulation / Simulator, Strategy Tower Defense 전략 策略 타워디펜스 塔防 전략 / 타워디펜스 · 策略 / 塔防 · Strategy / Tower Defense",113.2665,23.1322,False
Chongqing,충칭,China,5,25,5898916.04,8258482.455999999,2025 중국 iOS+AOS 추정 순매출,256052,"Chongqing Perfect World Interactive Technology Co., Ltd., Chongqing Haiyou Technology Co., Ltd., Chongqing Pixss Network Technology Co., Ltd., 刚 曾, Chongqing Feiyufei Animation co.,Ltd","新笑傲江湖, 神雕侠侣-金庸武侠回合交友, 推理学院-狼人动物杀玩法上线！, 新神魔大陆, 像三国, 神雕侠侣2, 倚天屠龙记, 黑猫奇闻社, 3D Mini Golf - Mini Golf Games, Fantasy Golf Games Mini Golf-X","RPG, Arcade, Strategy, Lifestyle, Sports, Simulation","RPG MMORPG RPG/역할수행 角色扮演 MMORPG 大型多人在线RPG RPG/역할수행 / MMORPG · 角色扮演 / 大型多人在线RPG · RPG / MMORPG, Arcade Social Party 아케이드 街机 소셜 파티 社交派对 아케이드 / 소셜 파티 · 街机 / 社交派对 · Arcade / Social Party, Strategy Card Battler 전략 策略 카드 배틀 卡牌对战 전략 / 카드 배틀 · 策略 / 卡牌对战 · Strategy / Card Battler, Lifestyle Interactive Story 라이프스타일 生活方式 인터랙티브 스토리 互动剧情 라이프스타일 / 인터랙티브 스토리 · 生活方式 / 互动剧情 · Lifestyle / Interactive Story, Sports Realistic Sports 스포츠 体育 리얼 스포츠 拟真体育 스포츠 / 리얼 스포츠 · 体育 / 拟真体育 · Sports / Realistic Sports, Strategy 4X Strategy 전략 策略 4X 전략 4X策略 전략 / 4X 전략 · 策略 / 4X策略 · Strategy / 4X Strategy, Simulation Driving / Flight Simulator 시뮬레이션 模拟经营 운전/비행 시뮬 驾驶/飞行模拟 시뮬레이션 / 운전/비행 시뮬 · 模拟经营 / 驾驶/飞行模拟 · Simulation / Driving / Flight Simulator, RPG Action RPG RPG/역할수행 角色扮演 액션 RPG 动作RPG RPG/역할수행 / 액션 RPG · 角色扮演 / 动作RPG · RPG / Action RPG, Arcade Other Arcade 아케이드 街机 기타 아케이드 其他街机 아케이드 / 기타 아케이드 · 街机 / 其他街机 · Arcade / Other Arcade, Simulation Time Management 시뮬레이션 模拟经营 타임 매니지먼트 时间管理 시뮬레이션 / 타임 매니지먼트 · 模拟经营 / 时间管理 · Simulation / Time Management",106.5516,29.563,True
Changchun,창춘,China,1,4,5111108.33,7155551.6620000005,2025 중국 iOS+AOS 추정 순매출,1959919,"Changchun Dingyuan Network Technology Co., Ltd.","微乐斗地主移动版-掼蛋欢乐版天天棋牌全集, 微乐四川麻将移动版-乡村爱情故事联动, 微乐家乡麻将-欢乐地方棋牌游戏合集来了, 微乐捕鱼千炮版-捕鱼游戏王街机大全",Casino,"Casino Landlord 카지노 博彩/棋牌 도우디주/랜드로드 斗地主 카지노 / 도우디주/랜드로드 · 博彩/棋牌 / 斗地主 · Casino / Landlord, Casino Mahjong 카지노 博彩/棋牌 마작 麻将 카지노 / 마작 · 博彩/棋牌 / 麻将 · Casino / Mahjong, Casino Fish Shooting 카지노 博彩/棋牌 피쉬 슈팅 捕鱼 카지노 / 피쉬 슈팅 · 博彩/棋牌 / 捕鱼 · Casino / Fish Shooting",125.3235,43.8171,True
Suzhou,쑤저우,China,9,27,4107963.37,5751148.717999999,2025 중국 iOS+AOS 추정 순매출,612237,"Suzhou Juhe Network Technology Co.,Limited, Suzhou Snail Digital Technology Co., Ltd, 广州多益网络股份有限公司, Suzhou ForceForever Inc, 悦 张, Suzhou Lezhi Software Technology Co., Ltd., SUZHOU MOBILE GAMES INTERNET INFROMATION TECHNOLOGY CO.,LTD, Suzhou  sector 51 Network Technology  Co., Ltd., Suzhou Xinda thinking Software Technology Co. Ltd.","敢达 争锋对决, 太极熊猫, 九阴-南宫世家 重出江湖, 九阴真经3D, 梦想世界, 天子手游, 无极仙途：道侣相伴，挂机修仙, 重生之最强输出, 我在神界刷装备-超爽肉鸽塔防, Great Conqueror: Rome","Action, RPG, Strategy, Simulation","Action Fighting 액션 动作 격투 格斗 액션 / 격투 · 动作 / 格斗 · Action / Fighting, RPG MMORPG RPG/역할수행 角色扮演 MMORPG 大型多人在线RPG RPG/역할수행 / MMORPG · 角色扮演 / 大型多人在线RPG · RPG / MMORPG, Action Hack and Slash 액션 动作 핵앤슬래시 砍杀 액션 / 핵앤슬래시 · 动作 / 砍杀 · Action / Hack and Slash, RPG Turn-based RPG RPG/역할수행 角色扮演 턴제 RPG 回合制RPG RPG/역할수행 / 턴제 RPG · 角色扮演 / 回合制RPG · RPG / Turn-based RPG, RPG Idle RPG RPG/역할수행 角色扮演 방치형 RPG 放置RPG RPG/역할수행 / 방치형 RPG · 角色扮演 / 放置RPG · RPG / Idle RPG, Strategy Tower Defense 전략 策略 타워디펜스 塔防 전략 / 타워디펜스 · 策略 / 塔防 · Strategy / Tower Defense, Strategy 4X Strategy 전략 策略 4X 전략 4X策略 전략 / 4X 전략 · 策略 / 4X策略 · Strategy / 4X Strategy, RPG Survival RPG/역할수행 角色扮演 서바이벌 生存 RPG/역할수행 / 서바이벌 · 角色扮演 / 生存 · RPG / Survival, Simulation Tycoon / Crafting 시뮬레이션 模拟经营 타이쿤/제작 大亨/制作 시뮬레이션 / 타이쿤/제작 · 模拟经营 / 大亨/制作 · Simulation / Tycoon / Crafting, Strategy Real-Time Strategy 전략 策略 실시간 전략 即时战略 전략 / 실시간 전략 · 策略 / 即时战略 · Strategy / Real-Time Strategy",120.5853,31.2989,True
Wuxi,우시,China,1,2,2378018.98,3329226.5719999997,2025 중국 iOS+AOS 추정 순매출,108602,杭州盛迈通信技术有限公司,"射雕, 云・射雕",RPG,RPG MMORPG RPG/역할수행 角色扮演 MMORPG 大型多人在线RPG RPG/역할수행 / MMORPG · 角色扮演 / 大型多人在线RPG · RPG / MMORPG,120.3119,31.4912,True
Ningbo,닝보,China,2,8,1243659.1400000001,1741122.796,2025 중국 iOS+AOS 추정 순매출,34764,"Ningbo Baison Software Co.,Ltd, Ningbo Keying Technology Co., Ltd","宁波斗地主-宁波游戏大厅, 象山麻将-推倒胡, 慈溪麻将-慈溪人都在玩, 奉化麻将-奉化人都在玩, 宁波麻将-宁波本地百万牌友, 宁波地主-宁波本地棋牌合集, 嗨玩干瞪眼, 奉化明扣-宁波特色双扣",Casino,"Casino Mahjong 카지노 博彩/棋牌 마작 麻将 카지노 / 마작 · 博彩/棋牌 / 麻将 · Casino / Mahjong, Casino Landlord 카지노 博彩/棋牌 도우디주/랜드로드 斗地主 카지노 / 도우디주/랜드로드 · 博彩/棋牌 / 斗地主 · Casino / Landlord, Casino Poker 카지노 博彩/棋牌 포커 扑克 카지노 / 포커 · 博彩/棋牌 / 扑克 · Casino / Poker",121.5504,29.8746,True
Hunan,후난,China,8,14,1083150.8800000001,1516411.2319999998,2025 중국 iOS+AOS 추정 순매출,470529,"Hunan Caohua Interactive Network Technology Co., Ltd., 方圆电子音像出版社有限责任公司, Hunan HRG Information Technology Co.,Limited, Hunan Coldplay Interactive Entertainment Network Technology Co. LTD, 辽宁电子出版社有限责任公司, 湖南快乐芒果互娱科技有限公司, 湖南草花互动网络科技有限公司, Hunan Babaliuliu Network Technology Co., Ltd","荒野迷城-打造末日安全屋, 友旗碰胡-血流跑胡子, 啪啪三国2-三国策略战争手游, 友旗麻将-全民竞技, 帝国：权杖与文明, 永恒岛-初心之约, 屠龙决战沙城移动版, 烈火坦克, 向往的生活-官方手游, 了不起的修仙模拟器","Strategy, Casino, RPG, Shooter, Simulation","Strategy 4X Strategy 전략 策略 4X 전략 4X策略 전략 / 4X 전략 · 策略 / 4X策略 · Strategy / 4X Strategy, Casino Landlord 카지노 博彩/棋牌 도우디주/랜드로드 斗地主 카지노 / 도우디주/랜드로드 · 博彩/棋牌 / 斗地主 · Casino / Landlord, RPG Squad RPG RPG/역할수행 角色扮演 스쿼드 RPG 小队RPG RPG/역할수행 / 스쿼드 RPG · 角色扮演 / 小队RPG · RPG / Squad RPG, Casino Mahjong 카지노 博彩/棋牌 마작 麻将 카지노 / 마작 · 博彩/棋牌 / 麻将 · Casino / Mahjong, RPG MMORPG RPG/역할수행 角色扮演 MMORPG 大型多人在线RPG RPG/역할수행 / MMORPG · 角色扮演 / 大型多人在线RPG · RPG / MMORPG, Shooter FPS / 3PS 슈팅 射击 FPS/TPS 第一/第三人称射击 슈팅 / FPS/TPS · 射击 / 第一/第三人称射击 · Shooter / FPS / 3PS, Simulation Tycoon / Crafting 시뮬레이션 模拟经营 타이쿤/제작 大亨/制作 시뮬레이션 / 타이쿤/제작 · 模拟经营 / 大亨/制作 · Simulation / Tycoon / Crafting, RPG Turn-based RPG RPG/역할수행 角色扮演 턴제 RPG 回合制RPG RPG/역할수행 / 턴제 RPG · 角色扮演 / 回合制RPG · RPG / Turn-based RPG",112.9823,28.1941,False
Xi'an,시안,China,7,9,945928.66,1324300.1239999998,2025 중국 iOS+AOS 추정 순매출,741998,"江西高校出版社有限责任公司, Hainan Chuangxiang Network Technology Co., Ltd, Changsha Youxian Network Technology Co. Ltd., Hainan Hengxiangwan Network Technology Co., Ltd., Xian Diankou Software Technology Co., Ltd., 河北冠林数字出版有限公司, 黑龙江龙华数字出版股份有限公司","自在江湖, 传奇1.76怀旧版-赤血屠龙, 微壳三打哈-湖南人爱玩的棋牌游戏, 永暮幻想, 花花填色：Paint by Number, 千古江湖梦, MU归来-卓越传说之仙魔神迹, 终末之歌, 武功来了-寻道修仙","RPG, Casino, Strategy","RPG MMORPG RPG/역할수행 角色扮演 MMORPG 大型多人在线RPG RPG/역할수행 / MMORPG · 角色扮演 / 大型多人在线RPG · RPG / MMORPG, Casino Landlord 카지노 博彩/棋牌 도우디주/랜드로드 斗地主 카지노 / 도우디주/랜드로드 · 博彩/棋牌 / 斗地主 · Casino / Landlord, RPG Idle RPG RPG/역할수행 角色扮演 방치형 RPG 放置RPG RPG/역할수행 / 방치형 RPG · 角色扮演 / 放置RPG · RPG / Idle RPG, Strategy Tower Defense 전략 策略 타워디펜스 塔防 전략 / 타워디펜스 · 策略 / 塔防 · Strategy / Tower Defense",108.9398,34.3416,True
Jiangxi,장시,China,3,5,940250.13,1316350.182,2025 중국 iOS+AOS 추정 순매출,237334,"Jiangxi Fun Information Technology Co., Ltd., 江西中至科技有限公司, Jiangxi Baiyu Information Technology Co., Ltd.","原始传奇-正版授权经典传奇手游, 中至麻将, 中至赣牌圈—江西麻将合集, 中至二人—棋牌合集, 封神录-我要修仙神话卡牌手游","RPG, Casino","RPG MMORPG RPG/역할수행 角色扮演 MMORPG 大型多人在线RPG RPG/역할수행 / MMORPG · 角色扮演 / 大型多人在线RPG · RPG / MMORPG, Casino Mahjong 카지노 博彩/棋牌 마작 麻将 카지노 / 마작 · 博彩/棋牌 / 麻将 · Casino / Mahjong, Casino Landlord 카지노 博彩/棋牌 도우디주/랜드로드 斗地主 카지노 / 도우디주/랜드로드 · 博彩/棋牌 / 斗地主 · Casino / Landlord, RPG Action RPG RPG/역할수행 角色扮演 액션 RPG 动作RPG RPG/역할수행 / 액션 RPG · 角色扮演 / 动作RPG · RPG / Action RPG",115.8582,28.6829,False
Hefei,허페이,China,2,6,719417.96,1007185.144,2025 중국 iOS+AOS 추정 순매출,289433,"Hefei HuaLe Interactive Information Technology Co., Ltd., Hefei ChangLe Interactive Information Technology Co., Ltd","奥特曼传奇英雄 - 5V5对战格斗游戏, 火线出击 - 战争怒吼, 奥特曼传奇英雄VIP版, 奥特曼王者传奇 - 官方正版格斗卡牌, 奥特曼热血英雄 - 正版授权英雄集结, 全民奥特曼之银河英雄","Strategy, Shooter, RPG","Strategy MOBA 전략 策略 MOBA 多人在线战术竞技 전략 / MOBA · 策略 / 多人在线战术竞技 · Strategy / MOBA, Shooter FPS / 3PS 슈팅 射击 FPS/TPS 第一/第三人称射击 슈팅 / FPS/TPS · 射击 / 第一/第三人称射击 · Shooter / FPS / 3PS, RPG Squad RPG RPG/역할수행 角色扮演 스쿼드 RPG 小队RPG RPG/역할수행 / 스쿼드 RPG · 角色扮演 / 小队RPG · RPG / Squad RPG, RPG MMORPG RPG/역할수행 角色扮演 MMORPG 大型多人在线RPG RPG/역할수행 / MMORPG · 角色扮演 / 大型多人在线RPG · RPG / MMORPG, RPG Action RPG RPG/역할수행 角色扮演 액션 RPG 动作RPG RPG/역할수행 / 액션 RPG · 角色扮演 / 动作RPG · RPG / Action RPG",117.2272,31.8206,True
Shenyang,선양,China,3,4,516740.35,723436.4899999999,2025 중국 iOS+AOS 추정 순매출,596033,"Shenyang SiRu Technology Co., Ltd., Shenyang Qingyu Information Technology Co., Ltd., Shenyang Zongyi Technology Co., Ltd","捕鱼风暴-Fishing Game Casino, 经典捕鱼-打魚街机游戏达人捕鱼欢乐新纪元, 斗地主经典版-Landlord vs Farmers, 糖果拼乐拼-单机消消除天天欢乐版","Casino, Puzzle","Casino Fish Shooting 카지노 博彩/棋牌 피쉬 슈팅 捕鱼 카지노 / 피쉬 슈팅 · 博彩/棋牌 / 捕鱼 · Casino / Fish Shooting, Casino Landlord 카지노 博彩/棋牌 도우디주/랜드로드 斗地主 카지노 / 도우디주/랜드로드 · 博彩/棋牌 / 斗地主 · Casino / Landlord, Puzzle Match Swap 퍼즐 益智 스왑 매치3 交换消除 퍼즐 / 스왑 매치3 · 益智 / 交换消除 · Puzzle / Match Swap",123.4315,41.8057,True
Jinan,지난,China,1,1,506681.02,709353.428,2025 중국 iOS+AOS 추정 순매출,10210,北京科海电子出版社,万人捕鱼-gold fishing games,Casino,Casino Fish Shooting 카지노 博彩/棋牌 피쉬 슈팅 捕鱼 카지노 / 피쉬 슈팅 · 博彩/棋牌 / 捕鱼 · Casino / Fish Shooting,117.1201,36.6512,True
Fujian,푸젠,China,2,3,474235.83999999997,663930.176,2025 중국 iOS+AOS 추정 순매출,119827,"Fujian TQ Interactive Entertainment Co., Ltd., 方圆电子音像出版社有限责任公司","英魂之刃-5V5公平竞技MOBA手游, 航海与家园, 英魂之刃战略版",Strategy,"Strategy MOBA 전략 策略 MOBA 多人在线战术竞技 전략 / MOBA · 策略 / 多人在线战术竞技 · Strategy / MOBA, Strategy Tower Defense 전략 策略 타워디펜스 塔防 전략 / 타워디펜스 · 策略 / 塔防 · Strategy / Tower Defense, Strategy 4X Strategy 전략 策略 4X 전략 4X策略 전략 / 4X 전략 · 策略 / 4X策略 · Strategy / 4X Strategy",119.2951,26.1008,False
Dongguan,둥관,China,1,1,441027.92,617439.088,2025 중국 iOS+AOS 추정 순매출,20464,"Hainan dongguana Network Technology Co., Ltd.",山海经之名剑录-狂暴异兽进阶版,RPG,RPG MMORPG RPG/역할수행 角色扮演 MMORPG 大型多人在线RPG RPG/역할수행 / MMORPG · 角色扮演 / 大型多人在线RPG · RPG / MMORPG,103.8343,36.0611,False
Sichuan,쓰촨,China,2,3,318227.5,445518.5,2025 중국 iOS+AOS 추정 순매출,596606,"重庆聚购科技发展有限公司, 杭州电魂网络科技股份有限公司, 深圳中青宝互动网络股份有限公司","开放空间, 非日常邂逅故事, 玛娜希斯回响-二次元冒险手游","RPG, Simulation","RPG MMORPG RPG/역할수행 角色扮演 MMORPG 大型多人在线RPG RPG/역할수행 / MMORPG · 角色扮演 / 大型多人在线RPG · RPG / MMORPG, Simulation Tycoon / Crafting 시뮬레이션 模拟经营 타이쿤/제작 大亨/制作 시뮬레이션 / 타이쿤/제작 · 模拟经营 / 大亨/制作 · Simulation / Tycoon / Crafting, RPG Open World Adventure RPG/역할수행 角色扮演 오픈월드 어드벤처 开放世界冒险 RPG/역할수행 / 오픈월드 어드벤처 · 角色扮演 / 开放世界冒险 · RPG / Open World Adventure",104.0759,30.6517,False
Nanjing,난징,China,3,4,244795.88,342714.23199999996,2025 중국 iOS+AOS 추정 순매출,41778,"北京畅元国讯科技有限公司, 河北冠林数字出版有限公司, 辽宁电子出版社有限责任公司, Nanjing Yunjie Shoudao Technology Co., Ltd.","天天爱掼蛋, 全民养成之女皇陛下, 卿云之上, 装甲警戒","Casino, Strategy","Casino Landlord 카지노 博彩/棋牌 도우디주/랜드로드 斗地主 카지노 / 도우디주/랜드로드 · 博彩/棋牌 / 斗地主 · Casino / Landlord, Strategy Empire Simulation 전략 策略 제국 시뮬레이션 帝国模拟 전략 / 제국 시뮬레이션 · 策略 / 帝国模拟 · Strategy / Empire Simulation, Strategy 4X Strategy 전략 策略 4X 전략 4X策略 전략 / 4X 전략 · 策略 / 4X策略 · Strategy / 4X Strategy",118.7969,32.0603,True
Jiangsu,장쑤,China,4,4,167331.22999999998,234263.72199999995,2025 중국 iOS+AOS 추정 순매출,79233,"远 程, Jiangsu Kuaiyou Network Technology Co.,Ltd, 海龙 王, 瑀璐 陈","Angel Legion, 千年盛世OL, Moto Rope, Makeup Slime - Fluffy Slime","RPG, Racing, Simulation","RPG Squad RPG RPG/역할수행 角色扮演 스쿼드 RPG 小队RPG RPG/역할수행 / 스쿼드 RPG · 角色扮演 / 小队RPG · RPG / Squad RPG, RPG MMORPG RPG/역할수행 角色扮演 MMORPG 大型多人在线RPG RPG/역할수행 / MMORPG · 角色扮演 / 大型多人在线RPG · RPG / MMORPG, Racing Arcade Racing 레이싱 竞速 아케이드 레이싱 街机竞速 레이싱 / 아케이드 레이싱 · 竞速 / 街机竞速 · Racing / Arcade Racing, Simulation Simulator 시뮬레이션 模拟经营 시뮬레이터 模拟器 시뮬레이션 / 시뮬레이터 · 模拟经营 / 模拟器 · Simulation / Simulator",118.7632,32.0617,False
Hebei,허베이,China,2,3,163998.04,229597.256,2025 중국 iOS+AOS 추정 순매출,7650,"Hebei Shengshi Qianyue Network Technology Co., Ltd., Hebei Youguo Network Technology Co., Ltd.","千月麻将-无限胡, 被尘封的故事, 致命狙击 归来","Casino, RPG, Shooter","Casino Mahjong 카지노 博彩/棋牌 마작 麻将 카지노 / 마작 · 博彩/棋牌 / 麻将 · Casino / Mahjong, RPG MMORPG RPG/역할수행 角色扮演 MMORPG 大型多人在线RPG RPG/역할수행 / MMORPG · 角色扮演 / 大型多人在线RPG · RPG / MMORPG, Shooter Sniper 슈팅 射击 스나이퍼 狙击 슈팅 / 스나이퍼 · 射击 / 狙击 · Shooter / Sniper",114.5149,38.0428,False
Shandong,산둥,China,1,1,152920.05,214088.06999999998,2025 중국 iOS+AOS 추정 순매출,85386,"Shandong Zhendong Network Technology Co., Ltd.",博雅地方棋牌,Casino,Casino Landlord 카지노 博彩/棋牌 도우디주/랜드로드 斗地主 카지노 / 도우디주/랜드로드 · 博彩/棋牌 / 斗地主 · Casino / Landlord,103.8343,36.0611,False
Qingdao,칭다오,China,2,2,100470.99,140659.386,2025 중국 iOS+AOS 추정 순매출,383202,"华中科技大学电子音像出版社, QINGDAO WINTERSTART NETWORK CO.,LTD","鱼吃鱼, Bobo Mermaid Ocean Playhouse","Arcade, Simulation","Arcade .io 아케이드 街机 IO 캐주얼 IO游戏 아케이드 / IO 캐주얼 · 街机 / IO游戏 · Arcade / .io, Simulation Avatar Life 시뮬레이션 模拟经营 아바타 라이프 虚拟形象生活 시뮬레이션 / 아바타 라이프 · 模拟经营 / 虚拟形象生活 · Simulation / Avatar Life",120.3826,36.0671,True
Changsha,창사,China,1,4,92084.57,128918.39799999999,2025 중국 iOS+AOS 추정 순매출,66634,Rinzz Co. Ltd.,"Project: Muse, Muse Runner - Rhythmic parkour, Mika's Treasure 2 Collection, The Same World Collection","Arcade, Puzzle","Arcade Music / Rhythm 아케이드 街机 음악/리듬 音乐/节奏 아케이드 / 음악/리듬 · 街机 / 音乐/节奏 · Arcade / Music / Rhythm, Puzzle Environmental 퍼즐 益智 환경/공간 퍼즐 环境解谜 퍼즐 / 환경/공간 퍼즐 · 益智 / 环境解谜 · Puzzle / Environmental, Puzzle Other Puzzle 퍼즐 益智 기타 퍼즐 其他益智 퍼즐 / 기타 퍼즐 · 益智 / 其他益智 · Puzzle / Other Puzzle",112.9388,28.2282,True
Foshan,포산,China,1,1,90961.05,127345.47,2025 중국 iOS+AOS 추정 순매출,159536,江苏凤凰数字传媒有限公司,梦幻的城,Simulation,Simulation Tycoon / Crafting 시뮬레이션 模拟经营 타이쿤/제작 大亨/制作 시뮬레이션 / 타이쿤/제작 · 模拟经营 / 大亨/制作 · Simulation / Tycoon / Crafting,103.8343,36.0611,False
Fuzhou,푸저우,China,1,1,90452.97,126634.158,2025 중국 iOS+AOS 추정 순매출,66428,福州天盟数码有限公司,时光公主：戴珍珠耳环的少女,Lifestyle,Lifestyle Interactive Story 라이프스타일 生活方式 인터랙티브 스토리 互动剧情 라이프스타일 / 인터랙티브 스토리 · 生活方式 / 互动剧情 · Lifestyle / Interactive Story,119.2965,26.0745,True
Henan,허난,China,1,1,42260.09,59164.12599999999,2025 중국 iOS+AOS 추정 순매출,23548,"Henan Wanmei Interactive Network Technology Co., Ltd.",趣玩捕鱼-捕鱼大咖带你欢乐捕鱼，登陆领传奇炮台+翅膀,Casino,Casino Fish Shooting 카지노 博彩/棋牌 피쉬 슈팅 捕鱼 카지노 / 피쉬 슈팅 · 博彩/棋牌 / 捕鱼 · Casino / Fish Shooting,103.8343,36.0611,False
Quanzhou,취안저우,China,1,1,38806.99,54329.78599999999,2025 중국 iOS+AOS 추정 순매출,10955,"Quanzhou Sunday Mutual Entertainment Network Co., Ltd.",闽南麻将 — 旺旺出品,Casino,Casino Mahjong 카지노 博彩/棋牌 마작 麻将 카지노 / 마작 · 博彩/棋牌 / 麻将 · Casino / Mahjong,103.8343,36.0611,False
Zhuhai,주하이,China,2,2,31022.19,43431.06599999999,2025 중국 iOS+AOS 추정 순매출,1141,"Zhuhai Chuangjin Software Technology Co., Ltd., UMO工作室","侠战江湖, 小小首富-世界首富你来当","RPG, Simulation","RPG MMORPG RPG/역할수행 角色扮演 MMORPG 大型多人在线RPG RPG/역할수행 / MMORPG · 角色扮演 / 大型多人在线RPG · RPG / MMORPG, Simulation Idler 시뮬레이션 模拟经营 방치형 放置 시뮬레이션 / 방치형 · 模拟经营 / 放置 · Simulation / Idler",103.8343,36.0611,False
Harbin,하얼빈,China,1,1,12941.59,18118.226,2025 중국 iOS+AOS 추정 순매출,1645,方圆电子音像出版社有限责任公司,一花斗地主,Casino,Casino Landlord 카지노 博彩/棋牌 도우디주/랜드로드 斗地主 카지노 / 도우디주/랜드로드 · 博彩/棋牌 / 斗地主 · Casino / Landlord,103.8343,36.0611,False
Hubei,후베이,China,1,1,87.11,121.954,2025 중국 iOS+AOS 추정 순매출,6601,湖北卡游科技有限公司,斗棋麻将 - 湖北棋牌游戏全集,Casino,Casino Mahjong 카지노 博彩/棋牌 마작 麻将 카지노 / 마작 · 博彩/棋牌 / 麻将 · Casino / Mahjong,103.8343,36.0611,False
